{
    "euler_angle": [0.018385261297225952,-0.027985841035842896,-0.31725171208381653],
    "mat": [[0.9497246146202087,0.31141528487205505,-0.032316308468580246,0.0],[-0.31183454394340515,0.950096070766449,-0.008739009499549866,0.0],[0.027982197701931,0.0183770302683115,0.9994397163391113,0.0],[0.0,0.0,0.0,1.0]]
}
